{ "compressionlevel":-1,
 "editorsettings":
    {
     "export":
        {
         "format":"json",
         "target":"largermap.json"
        }
    },
 "height":20,
 "infinite":false,
 "layers":[
        {
         "data":[1, 1, 1, 1, 1, 1, 1, 1, 1, 1, 1, 1, 1, 1, 1, 1, 1, 1, 1, 1, 1, 1, 1, 1, 1, 1, 1, 1, 1, 1, 1, 1, 1, 1, 1, 1, 1, 1, 1, 1, 1, 1, 1, 1, 1, 1, 1, 1, 1, 1, 1, 1, 1, 1, 1, 1, 1, 1, 1, 1, 1, 1, 1, 1, 1, 1, 1, 1, 1, 1, 1, 1, 1, 1, 1, 1, 1, 1, 1, 1, 1, 1, 1, 1, 1, 1, 1, 1, 1, 1, 1, 1, 1, 1, 1, 1, 1, 1, 1, 1, 1, 1, 1, 1, 1, 1, 1, 1, 1, 1, 1, 1, 1, 1, 1, 1, 1, 1, 1, 1, 1, 1, 1, 1, 1, 1, 1, 1, 1, 1, 1, 1, 1, 1, 1, 1, 1, 1, 1, 1, 1, 1, 1, 1, 1, 1, 1, 1, 1, 1, 1, 1, 1, 1, 1, 1, 1, 1, 1, 1, 1, 1, 1, 1, 1, 1, 1, 1, 1, 1, 1, 1, 1, 1, 1, 1, 1, 1, 1, 1, 1, 1, 1, 1, 1, 1, 1, 1, 1, 1, 1, 1, 1, 1, 1, 1, 1, 1, 1, 1, 1, 1, 1, 1, 1, 1, 1, 1, 1, 1, 1, 1, 1, 1, 1, 1, 1, 1, 1, 1, 1, 1, 1, 1, 1, 1, 1, 1, 1, 1, 1, 1, 1, 1, 1, 1, 1, 1, 1, 1, 1, 1, 1, 1, 1, 1, 1, 1, 1, 1, 1, 1, 1, 1, 1, 1, 1, 1, 1, 1, 1, 1, 1, 1, 1, 1, 1, 1, 1, 1, 1, 1, 1, 1, 1, 1, 1, 1, 1, 1, 1, 1, 1, 1, 1, 1, 1, 1, 1, 1, 1, 1, 1, 1, 1, 1, 1, 1, 1, 1, 1, 1, 1, 1, 1, 1, 1, 1, 1, 1, 1, 1, 1, 1, 1, 1, 1, 1, 1, 1, 1, 1, 1, 1, 1, 1, 1, 1, 1, 1, 1, 1, 1, 1, 1, 1, 1, 1, 1, 1, 1, 1, 1, 1, 1, 1, 1, 1, 1, 1, 1, 1, 1, 1, 1, 1, 1, 1, 1, 1, 1, 1, 1, 1, 1, 1, 1, 1, 1, 1, 1, 1, 1, 1, 1, 1, 1, 1, 1, 1, 1, 1, 1, 1, 1, 1, 1, 1, 1, 1, 1, 1, 1, 1, 1, 1, 1, 1, 1, 1, 1, 1, 1, 1, 1, 1, 1, 1, 1, 1, 1, 1, 1, 1, 1, 1, 1, 1, 1, 1, 1, 1, 1, 1, 1, 1, 1, 1, 1, 1, 1, 1, 1, 1, 1, 1, 1, 1, 1, 1, 1, 1, 1, 1, 1, 1, 1, 1, 1, 1, 1, 1, 1, 1, 1, 1, 1, 1, 1, 1, 1, 1, 1, 1, 1, 1, 1, 1, 1, 1, 1, 1, 1, 1, 1, 1, 1, 1, 1, 1, 1, 1, 1, 1, 1, 1, 1, 1, 1, 1, 1, 1, 1, 1, 1, 1, 1, 1, 1, 1, 1, 1, 1, 1, 1, 1, 1, 1, 1, 1, 1, 1, 1, 1, 1, 1, 1, 1, 1, 1, 1, 1, 1, 1, 1, 1, 1, 1, 1, 1, 1, 1, 1, 1, 1, 1, 1, 1, 1, 1, 1, 1, 1, 1, 1, 1, 1, 1, 1, 1, 1, 1, 1, 1, 1, 1, 1, 1, 1, 1, 1, 1, 1, 1, 1, 1, 1, 1, 1, 1, 1, 1, 1, 1, 1, 1, 1, 1, 1, 1, 1, 1, 1, 1, 1, 1, 1, 1, 1, 1, 1, 1, 1, 1, 1, 1, 1, 1, 1, 1],
         "height":20,
         "id":1,
         "name":"background",
         "opacity":1,
         "properties":[
                {
                 "name":"tileset",
                 "type":"string",
                 "value":"map_tileset"
                }],
         "type":"tilelayer",
         "visible":true,
         "width":30,
         "x":0,
         "y":0
        }, 
        {
         "data":[0, 0, 0, 0, 0, 0, 0, 0, 0, 0, 0, 0, 0, 0, 0, 0, 0, 0, 0, 0, 0, 0, 0, 0, 0, 0, 38, 9, 0, 0, 0, 0, 0, 0, 0, 0, 0, 0, 0, 46, 0, 0, 46, 0, 0, 46, 0, 0, 0, 0, 0, 0, 0, 0, 0, 46, 26, 27, 0, 0, 6, 38, 39, 39, 41, 40, 41, 42, 43, 40, 42, 43, 40, 42, 43, 40, 42, 43, 40, 41, 40, 40, 41, 40, 41, 40, 42, 36, 0, 0, 46, 47, 48, 50, 50, 49, 50, 49, 50, 49, 49, 50, 49, 49, 50, 49, 51, 52, 49, 50, 49, 49, 50, 49, 50, 49, 50, 54, 0, 0, 0, 26, 27, 0, 0, 0, 0, 0, 0, 0, 0, 0, 0, 0, 0, 0, 35, 36, 0, 0, 0, 0, 0, 0, 0, 0, 0, 0, 0, 0, 0, 26, 27, 0, 0, 0, 0, 0, 0, 0, 0, 0, 0, 0, 0, 0, 35, 36, 0, 0, 0, 0, 0, 0, 0, 0, 0, 6, 0, 0, 0, 26, 27, 0, 0, 0, 0, 0, 0, 0, 0, 0, 0, 0, 0, 0, 26, 27, 24, 25, 0, 24, 25, 0, 24, 25, 0, 24, 25, 0, 0, 26, 27, 46, 0, 0, 0, 0, 0, 0, 0, 0, 0, 0, 46, 0, 35, 36, 33, 34, 46, 33, 34, 46, 33, 34, 46, 33, 34, 0, 0, 26, 43, 41, 41, 41, 41, 41, 40, 41, 40, 41, 40, 41, 40, 41, 42, 43, 42, 43, 40, 42, 43, 40, 42, 43, 40, 42, 43, 9, 0, 35, 52, 50, 50, 50, 50, 50, 49, 50, 49, 50, 49, 50, 49, 50, 51, 52, 49, 51, 52, 49, 50, 49, 49, 50, 51, 52, 50, 54, 0, 35, 36, 46, 0, 0, 0, 0, 0, 0, 0, 0, 0, 0, 0, 0, 26, 27, 0, 35, 36, 0, 0, 0, 0, 0, 35, 36, 0, 0, 0, 35, 36, 0, 0, 0, 0, 0, 0, 0, 0, 0, 0, 0, 0, 0, 35, 36, 0, 26, 27, 24, 25, 0, 24, 25, 26, 27, 0, 0, 0, 26, 27, 0, 22, 23, 0, 22, 23, 0, 22, 23, 0, 22, 23, 0, 26, 27, 0, 35, 36, 33, 34, 46, 33, 34, 35, 36, 0, 0, 0, 35, 36, 0, 31, 32, 46, 31, 32, 46, 31, 32, 46, 31, 32, 0, 35, 43, 41, 42, 43, 42, 43, 40, 42, 43, 42, 43, 41, 9, 38, 42, 43, 40, 42, 43, 40, 42, 43, 40, 42, 43, 40, 42, 43, 41, 44, 52, 50, 51, 52, 49, 50, 49, 49, 50, 51, 52, 50, 54, 65, 51, 52, 49, 49, 50, 49, 49, 50, 49, 49, 50, 49, 49, 50, 50, 53, 54, 0, 26, 27, 24, 25, 0, 24, 25, 26, 27, 0, 0, 0, 26, 27, 0, 0, 0, 0, 0, 0, 0, 0, 0, 0, 0, 0, 0, 0, 0, 0, 35, 36, 33, 34, 46, 33, 34, 35, 36, 0, 0, 0, 35, 36, 0, 0, 0, 0, 0, 0, 0, 0, 0, 0, 0, 0, 0, 0, 0, 38, 42, 43, 42, 43, 40, 42, 43, 42, 43, 41, 9, 0, 26, 27, 0, 0, 0, 0, 0, 0, 0, 0, 0, 0, 0, 0, 0, 0, 0, 65, 51, 52, 49, 50, 49, 49, 50, 51, 52, 50, 54, 0, 65, 54, 46, 0, 0, 0, 0, 0, 0, 0, 0, 0, 6, 0, 0, 0, 0, 0, 65, 54, 0, 0, 0, 0, 0, 65, 54, 0, 0],
         "height":20,
         "id":2,
         "name":"roads",
         "opacity":1,
         "properties":[
                {
                 "name":"tileset",
                 "type":"string",
                 "value":"map_tileset"
                }],
         "type":"tilelayer",
         "visible":true,
         "width":30,
         "x":0,
         "y":0
        }, 
        {
         "data":[4, 5, 4, 5, 4, 5, 0, 22, 23, 0, 22, 23, 0, 22, 23, 0, 22, 23, 0, 0, 0, 0, 0, 0, 0, 0, 0, 0, 4, 5, 13, 14, 13, 14, 13, 14, 0, 31, 32, 46, 31, 32, 46, 31, 32, 46, 31, 32, 0, 0, 0, 0, 0, 0, 0, 46, 0, 0, 13, 14, 6, 0, 0, 0, 0, 0, 0, 0, 0, 0, 0, 0, 0, 0, 0, 0, 0, 0, 0, 0, 0, 0, 0, 0, 0, 0, 0, 0, 4, 5, 46, 0, 0, 0, 0, 0, 0, 0, 0, 0, 0, 0, 0, 0, 0, 0, 0, 0, 0, 0, 0, 0, 0, 0, 0, 0, 0, 0, 13, 14, 0, 0, 0, 0, 0, 0, 0, 0, 0, 0, 0, 0, 0, 0, 0, 0, 0, 0, 0, 0, 0, 0, 0, 0, 0, 0, 0, 0, 4, 5, 0, 0, 0, 0, 4, 5, 0, 0, 4, 5, 0, 0, 4, 5, 0, 0, 0, 0, 0, 0, 0, 0, 0, 0, 0, 0, 0, 6, 13, 14, 0, 0, 0, 0, 13, 14, 0, 0, 13, 14, 0, 0, 13, 14, 0, 0, 0, 0, 24, 25, 0, 24, 25, 0, 24, 25, 0, 24, 25, 0, 0, 0, 0, 46, 0, 0, 0, 0, 0, 0, 0, 0, 0, 0, 46, 0, 0, 0, 33, 34, 46, 33, 34, 46, 33, 34, 46, 33, 34, 0, 0, 0, 0, 0, 0, 0, 0, 0, 0, 0, 0, 0, 0, 0, 0, 0, 0, 0, 0, 0, 0, 0, 0, 0, 0, 0, 0, 0, 0, 0, 0, 0, 0, 0, 0, 0, 0, 0, 0, 0, 0, 0, 0, 0, 0, 0, 0, 0, 0, 0, 0, 0, 0, 0, 0, 0, 0, 0, 0, 0, 0, 0, 0, 46, 0, 0, 0, 0, 0, 0, 0, 0, 0, 0, 0, 0, 0, 0, 0, 0, 0, 0, 0, 0, 0, 0, 0, 0, 0, 0, 0, 0, 0, 0, 0, 0, 0, 0, 0, 0, 0, 0, 0, 0, 0, 0, 0, 0, 0, 0, 0, 24, 25, 0, 24, 25, 0, 0, 0, 0, 0, 0, 0, 0, 22, 23, 0, 22, 23, 0, 22, 23, 0, 22, 23, 0, 0, 0, 0, 0, 0, 33, 34, 46, 33, 34, 0, 0, 0, 0, 0, 0, 0, 0, 31, 32, 46, 31, 32, 46, 31, 32, 46, 31, 32, 0, 0, 0, 0, 0, 0, 0, 0, 0, 0, 0, 0, 0, 0, 0, 0, 0, 0, 0, 0, 0, 0, 0, 0, 0, 0, 0, 0, 0, 0, 0, 0, 0, 0, 0, 0, 0, 0, 0, 0, 0, 0, 0, 0, 0, 0, 0, 0, 0, 0, 0, 0, 0, 0, 0, 0, 0, 0, 0, 0, 0, 0, 0, 0, 0, 0, 24, 25, 0, 24, 25, 0, 0, 0, 0, 0, 0, 0, 0, 0, 0, 0, 0, 0, 0, 0, 0, 0, 0, 0, 0, 0, 0, 0, 0, 0, 33, 34, 46, 33, 34, 0, 0, 0, 0, 0, 0, 0, 0, 0, 0, 0, 0, 0, 0, 0, 0, 0, 0, 0, 0, 0, 0, 0, 0, 0, 0, 0, 0, 0, 0, 0, 0, 0, 0, 0, 0, 0, 0, 0, 4, 5, 4, 5, 4, 5, 4, 5, 0, 0, 0, 0, 0, 0, 0, 0, 0, 0, 0, 0, 0, 0, 0, 0, 0, 0, 0, 0, 46, 0, 13, 14, 13, 14, 13, 14, 13, 14, 6, 0, 0, 0, 0, 0, 0, 0, 0, 0, 0, 0, 0, 0, 0, 0, 0],
         "height":20,
         "id":3,
         "name":"buildings-trees",
         "opacity":1,
         "properties":[
                {
                 "name":"collision",
                 "type":"bool",
                 "value":true
                }, 
                {
                 "name":"tileset",
                 "type":"string",
                 "value":"map_tileset"
                }],
         "type":"tilelayer",
         "visible":true,
         "width":30,
         "x":0,
         "y":0
        }, 
        {
         "draworder":"topdown",
         "id":4,
         "name":"objects",
         "objects":[
                {
                 "height":32.1745540321392,
                 "id":1,
                 "name":"player",
                 "properties":[
                        {
                         "name":"group",
                         "type":"string",
                         "value":"players"
                        }, 
                        {
                         "name":"texture",
                         "type":"string",
                         "value":"player_spritesheet"
                        }],
                 "rotation":0,
                 "type":"player",
                 "visible":true,
                 "width":33.6370337608728,
                 "x":33.6370337608728,
                 "y":450.443756449948
                }],
         "opacity":1,
         "properties":[
                {
                 "name":"tileset",
                 "type":"string",
                 "value":"map_tileset"
                }],
         "type":"objectgroup",
         "visible":true,
         "x":0,
         "y":0
        }],
 "nextlayerid":6,
 "nextobjectid":4,
 "orientation":"orthogonal",
 "renderorder":"right-down",
 "tiledversion":"1.3.1",
 "tileheight":32,
 "tilesets":[
        {
         "columns":9,
         "firstgid":1,
         "image":"..\/..\/..\/..\/..\/..\/Desktop\/images\/pinktilesheet.png",
         "imageheight":256,
         "imagewidth":288,
         "margin":0,
         "name":"pinktilesheet",
         "spacing":0,
         "tilecount":72,
         "tileheight":32,
         "tilewidth":32
        }],
 "tilewidth":32,
 "type":"map",
 "version":1.2,
 "width":30
}